-- 定义图片URL变量
SET @img1 = 'https://img.shetu66.com/2023/04/25/1682391094827084.png';
SET @img2 = 'https://img.shetu66.com/2023/04/25/1682410877994833.png';
SET @img3 = 'https://desk-fd.zol-img.com.cn/t_s960x600c5/g5/M00/02/04/ChMkJlbKyFOILgqwAAU1Zymsk68AALIAgFwgVgABTV_720.jpg';
SET @img4 = 'https://img.shetu66.com/2023/04/25/1682391086456995.png';
SET @img5 = 'https://ts1.cn.mm.bing.net/th/id/R-C.26fa5434823e0afae3f9b576b61b3df0?rik=1ki5rrqJXLS00w&riu=http%3a%2f%2fpic.52112.com%2f180420%2f180420_32%2fJ9xjxe1jIg_small.jpg&ehk=a8hQQlllEncpFeXgnFZ1a7fIII7lcz2ph6WLdtzS51k%3d&risl=&pid=ImgRaw&r=0';

-- 1. 产品基本信息表
INSERT INTO tb_products 
(id, tccode, supplier, supplier_code, supplier_name, fire_standard, fob_20_container_price, fob_40_container_price, shipping_port) 
VALUES 
(202501031001001, 'TC001', '供应商A', 'SA001', '宁波办公家具有限公司', 'BS 5852', 1200.00, 2200.00, '宁波港'),
(202501031001002, 'TC002', '供应商B', 'SB001', '广州家具制造厂', 'BS 5852', 1300.00, 2300.00, '广州港'),
(202501031001003, 'TC003', '供应商C', 'SC001', '深圳家具有限公司', 'BS 5852', 1400.00, 2400.00, '深圳港'),
(202501031001004, 'TC004', '供应商D', 'SD001', '上海家具制造厂', 'BS 5852', 1500.00, 2500.00, '上海港'),
(202501031001005, 'TC005', '供应商E', 'SE001', '天津家具有限公司', 'BS 5852', 1600.00, 2600.00, '天津港'),
(202501031001006, 'TC006', '供应商F', 'SF001', '杭州家具有限公司', 'BS 5852', 1700.00, 2700.00, '宁波港'),
(202501031001007, 'TC007', '供应商G', 'SG001', '苏州家具制造厂', 'BS 5852', 1800.00, 2800.00, '上海港'),
(202501031001008, 'TC008', '供应商H', 'SH001', '青岛家具有限公司', 'BS 5852', 1900.00, 2900.00, '青岛港'),
(202501031001009, 'TC009', '供应商I', 'SI001', '厦门家具制造厂', 'BS 5852', 2000.00, 3000.00, '厦门港'),
(202501031001010, 'TC010', '供应商J', 'SJ001', '武汉家具有限公司', 'BS 5852', 2100.00, 3100.00, '武汉港');

-- 2. 面料信息表
INSERT INTO tb_upholstery 
(id, product_id, fabric_manufacturer, colour_code, leather_grade, usage_per_chair) 
VALUES 
(202501031101001, 202501031001001, '面料制造商A', 'CC001', 'A级', 2.5),
(202501031101002, 202501031001002, '面料制造商B', 'CC002', 'B级', 2.3),
(202501031101003, 202501031001003, '面料制造商C', 'CC003', 'A级', 2.4),
(202501031101004, 202501031001004, '面料制造商D', 'CC004', 'A级', 2.6),
(202501031101005, 202501031001005, '面料制造商E', 'CC005', 'B级', 2.2),
(202501031101006, 202501031001006, '面料制造商F', 'CC006', 'A级', 2.7),
(202501031101007, 202501031001007, '面料制造商G', 'CC007', 'B级', 2.4),
(202501031101008, 202501031001008, '面料制造商H', 'CC008', 'A级', 2.5),
(202501031101009, 202501031001009, '面料制造商I', 'CC009', 'B级', 2.3),
(202501031101010, 202501031001010, '面料制造商J', 'CC010', 'A级', 2.6);

-- 3. 包装信息表
INSERT INTO tb_carton_details 
(id, product_id, width, depth, height, board_type, items_per_carton, carton_volume) 
VALUES 
(202501031201001, 202501031001001, 600, 500, 1100, '五层瓦楞纸', 1, 0.33),
(202501031201002, 202501031001002, 620, 520, 1120, '五层瓦楞纸', 1, 0.36),
(202501031201003, 202501031001003, 640, 540, 1140, '五层瓦楞纸', 1, 0.39),
(202501031201004, 202501031001004, 660, 560, 1160, '五层瓦楞纸', 1, 0.42),
(202501031201005, 202501031001005, 680, 580, 1180, '五层瓦楞纸', 1, 0.45),
(202501031201006, 202501031001006, 700, 600, 1200, '五层瓦楞纸', 1, 0.48),
(202501031201007, 202501031001007, 720, 620, 1220, '五层瓦楞纸', 1, 0.51),
(202501031201008, 202501031001008, 740, 640, 1240, '五层瓦楞纸', 1, 0.54),
(202501031201009, 202501031001009, 760, 660, 1260, '五层瓦楞纸', 1, 0.57),
(202501031201010, 202501031001010, 780, 680, 1280, '五层瓦楞纸', 1, 0.60);

-- 4. 生产和物流信息表
INSERT INTO tb_production_logistics 
(id, product_id, production_time, effective_volume, loading_quantity_20gp, loading_quantity_40hc, net_weight, gross_weight) 
VALUES 
(202501031301001, 202501031001001, 15, 0.33, 120, 280, 15.5, 17.5),
(202501031301002, 202501031001002, 15, 0.36, 110, 260, 16.0, 18.0),
(202501031301003, 202501031001003, 15, 0.39, 100, 240, 16.5, 18.5),
(202501031301004, 202501031001004, 15, 0.42, 90, 220, 17.0, 19.0),
(202501031301005, 202501031001005, 15, 0.45, 80, 200, 17.5, 19.5),
(202501031301006, 202501031001006, 15, 0.48, 70, 180, 18.0, 20.0),
(202501031301007, 202501031001007, 15, 0.51, 60, 160, 18.5, 20.5),
(202501031301008, 202501031001008, 15, 0.54, 50, 140, 19.0, 21.0),
(202501031301009, 202501031001009, 15, 0.57, 40, 120, 19.5, 21.5),
(202501031301010, 202501031001010, 15, 0.60, 30, 100, 20.0, 22.0);

-- 5. 产品尺寸表
INSERT INTO tb_product_dimensions 
(id, product_id, seat_width, seat_depth, seat_height_min, seat_height_max, back_width, back_height, back_height_from_seat, overall_width, overall_depth, overall_height_min, overall_height_max) 
VALUES 
(202501031401001, 202501031001001, 500, 480, 420, 520, 460, 560, 600, 660, 660, 1150, 1250),
(202501031401002, 202501031001002, 510, 490, 430, 530, 470, 570, 610, 670, 670, 1160, 1260),
(202501031401003, 202501031001003, 520, 500, 440, 540, 480, 580, 620, 680, 680, 1170, 1270),
(202501031401004, 202501031001004, 530, 510, 450, 550, 490, 590, 630, 690, 690, 1180, 1280),
(202501031401005, 202501031001005, 540, 520, 460, 560, 500, 600, 640, 700, 700, 1190, 1290),
(202501031401006, 202501031001006, 550, 530, 470, 570, 510, 610, 650, 710, 710, 1200, 1300),
(202501031401007, 202501031001007, 560, 540, 480, 580, 520, 620, 660, 720, 720, 1210, 1310),
(202501031401008, 202501031001008, 570, 550, 490, 590, 530, 630, 670, 730, 730, 1220, 1320),
(202501031401009, 202501031001009, 580, 560, 500, 600, 540, 640, 680, 740, 740, 1230, 1330),
(202501031401010, 202501031001010, 590, 570, 510, 610, 550, 650, 690, 750, 750, 1240, 1340); 